{
  "elpd": {
    "random": -37.94207686991274,
    "marginal": -2.719520911562392,
    "logit": -3.4215289084093867,
    "pi1": 1.3526775952411088,
    "pi2": 0.9082425244805516,
    "pi3": 0.9596051114495971,
    "deepseek-chat": -42.539273075318725,
    "gpt4o-mini": -113.65866111974849,
    "haiku": -163.59677721364164,
    "qwen-flash": -113.65866111974849,
    "sonnet-3.5": -76.39595587596229,
    "DeepSeek-V3.1": -49.61878985342017,
    "deepseek-R": -113.65866111974849,
    "gemini-2.5-T": -12.540351866631648
  },
  "se": {
    "random": 35.68224831846549,
    "marginal": 13.637800479890906,
    "logit": 13.58018373783733,
    "pi1": 8.124106249479482,
    "pi2": 8.009761741905965,
    "pi3": 8.2631777684893,
    "deepseek-chat": 38.12449288494257,
    "gpt4o-mini": 75.32343775463592,
    "haiku": 88.80419704819731,
    "qwen-flash": 75.32343775463592,
    "sonnet-3.5": 42.91632907930724,
    "DeepSeek-V3.1": 37.818970637619394,
    "deepseek-R": 75.32343775463592,
    "gemini-2.5-T": 14.764120570607759
  },
  "elpd_t": {
    "random": [
      -12.706158719192764,
      1.7151524307067267,
      -35.412160298803364,
      2.4126543652652392,
      1.2968341274160184,
      0.9186203318834828,
      0.6796313251362244,
      1.8332247218517,
      0.9189915389229341,
      1.573882386944065,
      -1.1727490800429954
    ],
    "marginal": [
      -12.706158719192764,
      1.7151524307067267,
      1.104629313719835,
      2.117878571689265,
      -0.32796563558486336,
      0.9045282901946249,
      0.7049869335308699,
      1.8362132538186489,
      1.2546479209954,
      1.8471464383758587,
      -1.1705797098159947
    ],
    "logit": [
      -12.706158719192764,
      1.7151524307067267,
      1.0911603218584671,
      1.6765477569483194,
      -0.5773634692633718,
      0.9062122255993342,
      0.7051435350795053,
      1.8338404817838867,
      1.2656784512035908,
      1.8462775686852886,
      -1.1780194918183722
    ],
    "pi1": [
      -6.954124116361735,
      1.6441070434995935,
      -0.5038483510389451,
      1.7303189305046893,
      0.29377302584759657,
      0.8529504999081607,
      0.6255089778547783,
      1.8355766534575795,
      1.0934603878817712,
      1.735230988488419,
      -1.0002764448007988
    ],
    "pi2": [
      -6.954124116361735,
      1.6441070434995935,
      -0.2302584617084109,
      0.9760119452957989,
      0.2085993493011551,
      0.8487542503106347,
      0.6343020778529823,
      1.8364647828855643,
      1.153692077370302,
      1.792529702921726,
      -1.0018361268870586
    ],
    "pi3": [
      -6.954124116361735,
      1.6441070434995935,
      -0.8321908191778777,
      2.033698483979727,
      -0.251704828104768,
      0.8446417712090917,
      0.6413290069135891,
      1.8363810869348127,
      1.1733656731593392,
      1.8201022930408177,
      -0.9960004836429932
    ],
    "deepseek-chat": [
      -12.706158719192764,
      1.7151524307067267,
      0.3781887292578876,
      -37.65318879304083,
      0.3584413948315422,
      0.9050967939863184,
      0.702725390804251,
      1.8340725199427057,
      1.2492383795661497,
      1.8484471844275563,
      -1.1712883866082606
    ],
    "gpt4o-mini": [
      -12.706158719192764,
      1.7151524307067267,
      -12.771109349025965,
      -78.60006046609574,
      -16.616353440210624,
      0.8979170752604718,
      0.7165833859176564,
      1.8350246252483107,
      1.2509479950208031,
      1.7929331777040758,
      -1.1735378350814427
    ],
    "haiku": [
      -12.706158719192764,
      1.7151524307067267,
      -60.771109349025956,
      -80.31496521632057,
      -16.616353440210624,
      0.9186268287515003,
      0.6797237907750348,
      1.8350246252483107,
      1.051390784859909,
      1.785428885848237,
      -1.1735378350814427
    ],
    "qwen-flash": [
      -12.706158719192764,
      1.7151524307067267,
      -12.771109349025965,
      -78.60006046609574,
      -16.616353440210624,
      0.8979170752604718,
      0.7165833859176564,
      1.8350246252483107,
      1.2509479950208031,
      1.7929331777040758,
      -1.1735378350814427
    ],
    "sonnet-3.5": [
      -12.706158719192764,
      1.7151524307067267,
      -12.674758941700038,
      -41.59887934897139,
      -16.451403429708446,
      0.8979444171185977,
      0.716491083891645,
      1.834600576672883,
      1.2494721835501215,
      1.7941968710795535,
      -1.1726129994091776
    ],
    "DeepSeek-V3.1": [
      -12.706158719192764,
      1.7151524307067267,
      -6.757594638578771,
      -37.71791273408392,
      0.5345729398735974,
      0.9088600850382353,
      0.6957580261107663,
      1.8332478221007644,
      1.2019230997156223,
      1.8473167839258537,
      -1.1739549490362884
    ],
    "deepseek-R": [
      -12.706158719192764,
      1.7151524307067267,
      -12.771109349025965,
      -78.60006046609574,
      -16.616353440210624,
      0.8979170752604718,
      0.7165833859176564,
      1.8350246252483107,
      1.2509479950208031,
      1.7929331777040758,
      -1.1735378350814427
    ],
    "gemini-2.5-T": [
      -12.706158719192764,
      1.7151524307067267,
      -3.697583821157126,
      2.1301268857108813,
      -5.284119485134758,
      0.8994334225137361,
      0.7109013744545596,
      1.8349014960266095,
      1.1962342750777022,
      1.8331799390080985,
      -1.172419664645313
    ]
  },
  "target_names": [
    "total_mortality",
    "village_mortality_dist",
    "three_site_occupancy",
    "ethnic_mix_per_site",
    "unfamiliar_neighbour_rate",
    "buddhism_trajectory",
    "popo_trajectory",
    "tibetan_buddhism_trajectory",
    "livelihood_recovery_by_role",
    "extended_family_share",
    "three_orphans"
  ],
  "panel": {
    "deepseek-chat": {
      "model": "deepseek-chat",
      "n_calls_made": 250,
      "n_unparseable": 0,
      "occupancy": [
        0.6158940397350994,
        0.3841059602649007,
        0.0
      ],
      "path": "outputs/llm_baseline_output.json"
    },
    "gpt4o-mini": {
      "model": "gpt-4o-mini",
      "n_calls_made": 250,
      "n_unparseable": 0,
      "occupancy": [
        1.0,
        0.0,
        0.0
      ],
      "path": "outputs/llm_baseline_gpt4omini.json"
    },
    "haiku": {
      "model": "claude-3-5-haiku-20241022",
      "n_calls_made": 250,
      "n_unparseable": 0,
      "occupancy": [
        0.0,
        1.0,
        0.0
      ],
      "path": "outputs/llm_baseline_claude_haiku.json"
    },
    "qwen-flash": {
      "model": "qwen-flash",
      "n_calls_made": 250,
      "n_unparseable": 0,
      "occupancy": [
        1.0,
        0.0,
        0.0
      ],
      "path": "outputs/llm_baseline_qwen.json"
    },
    "sonnet-3.5": {
      "model": "claude-3-5-sonnet-20241022",
      "n_calls_made": 250,
      "n_unparseable": 0,
      "occupancy": [
        1.0,
        0.0,
        0.0
      ],
      "path": "outputs/llm_baseline_sonnet.json"
    },
    "DeepSeek-V3.1": {
      "model": "DeepSeek-V3.1",
      "n_calls_made": 250,
      "n_unparseable": 0,
      "occupancy": [
        0.44150110375275936,
        0.5584988962472406,
        0.0
      ],
      "path": "outputs/llm_baseline_deepseek_v31.json"
    },
    "deepseek-R": {
      "model": "deepseek-reasoner",
      "n_calls_made": 250,
      "n_unparseable": 61,
      "occupancy": [
        1.0,
        0.0,
        0.0
      ],
      "path": "outputs/llm_baseline_deepseek_reasoner.json"
    },
    "gemini-2.5-T": {
      "model": "gemini-2.5-pro-thinking",
      "n_calls_made": 250,
      "n_unparseable": 0,
      "occupancy": [
        0.8587196467991169,
        0.11699779249448124,
        0.024282560706401765
      ],
      "path": "outputs/llm_baseline_gemini25.json"
    }
  },