{
  "elpd": {
    "pi1": 1.2958031928649514,
    "pi2": 0.4791449265755189,
    "pi3": 0.8930583172505246,
    "deepseek-chat": -42.539273075318725,
    "gpt4o-mini": -113.65866111974849,
    "haiku": -163.59677721364164,
    "qwen-flash": -113.65866111974849,
    "sonnet-4.5": -76.39595587596229,
    "DeepSeek-V3.1": -49.61878985342017,
    "deepseek-R": -113.65866111974849,
    "gemini-2.5-T": -12.540351866631648
  },
  "se": {
    "pi1": 8.077733923788815,
    "pi2": 8.009851192745542,
    "pi3": 8.215538419258078,
    "deepseek-chat": 38.12449288494257,
    "gpt4o-mini": 75.32343775463592,
    "haiku": 88.80419704819731,
    "qwen-flash": 75.32343775463592,
    "sonnet-4.5": 42.91632907930724,
    "DeepSeek-V3.1": 37.818970637619394,
    "deepseek-R": 75.32343775463592,
    "gemini-2.5-T": 14.764120570607759
  },
  "elpd_t": {
    "pi1": [
      -6.954124116361735,
      1.6441070434995935,
      -0.33110137071435375,
      1.5182062813608452,
      0.2302654911364943,
      0.8521996553905988,
      0.6277248232125063,
      1.8353597130238501,
      1.1131333325291506,
      1.7605641202341307,
      -1.0005317804461291
    ],
    "pi2": [
      -6.954124116361735,
      1.6441070434995935,
      -0.3812362782336074,
      0.848411799060971,
      0.051538681514075035,
      0.8488673628322214,
      0.6344304509964418,
      1.8366603783838034,
      1.1560164868145946,
      1.7941540853400282,
      -0.9996809672708674
    ],
    "pi3": [
      -6.954124116361735,
      1.6441070434995935,
      -0.7782817535321256,
      1.8548419673485346,
      -0.20406900704040098,
      0.8445407119593751,
      0.6416905897746391,
      1.8358819413130398,
      1.1800940293185496,
      1.8217977604749938,
      -0.9934208495039392
    ],
    "deepseek-chat": [
      -12.706158719192764,
      1.7151524307067267,
      0.3781887292578876,
      -37.65318879304083,
      0.3584413948315422,
      0.9050967939863184,
      0.702725390804251,
      1.8340725199427057,
      1.2492383795661497,
      1.8484471844275563,
      -1.1712883866082606
    ],
    "gpt4o-mini": [
      -12.706158719192764,
      1.7151524307067267,
      -12.771109349025965,
      -78.60006046609574,
      -16.616353440210624,
      0.8979170752604718,
      0.7165833859176564,
      1.8350246252483107,
      1.2509479950208031,
      1.7929331777040758,
      -1.1735378350814427
    ],
    "haiku": [
      -12.706158719192764,
      1.7151524307067267,
      -60.771109349025956,
      -80.31496521632057,
      -16.616353440210624,
      0.9186268287515003,
      0.6797237907750348,
      1.8350246252483107,
      1.051390784859909,
      1.785428885848237,
      -1.1735378350814427
    ],
    "qwen-flash": [
      -12.706158719192764,
      1.7151524307067267,
      -12.771109349025965,
      -78.60006046609574,
      -16.616353440210624,
      0.8979170752604718,
      0.7165833859176564,
      1.8350246252483107,
      1.2509479950208031,
      1.7929331777040758,
      -1.1735378350814427
    ],
    "sonnet-4.5": [
      -12.706158719192764,
      1.7151524307067267,
      -12.674758941700038,
      -41.59887934897139,
      -16.451403429708446,
      0.8979444171185977,
      0.716491083891645,
      1.834600576672883,
      1.2494721835501215,
      1.7941968710795535,
      -1.1726129994091776
    ],
    "DeepSeek-V3.1": [
      -12.706158719192764,
      1.7151524307067267,
      -6.757594638578771,
      -37.71791273408392,
      0.5345729398735974,
      0.9088600850382353,
      0.6957580261107663,
      1.8332478221007644,
      1.2019230997156223,
      1.8473167839258537,
      -1.1739549490362884
    ],
    "deepseek-R": [
      -12.706158719192764,
      1.7151524307067267,
      -12.771109349025965,
      -78.60006046609574,
      -16.616353440210624,
      0.8979170752604718,
      0.7165833859176564,
      1.8350246252483107,
      1.2509479950208031,
      1.7929331777040758,
      -1.1735378350814427
    ],
    "gemini-2.5-T": [
      -12.706158719192764,
      1.7151524307067267,
      -3.697583821157126,
      2.1301268857108813,
      -5.284119485134758,
      0.8994334225137361,
      0.7109013744545596,
      1.8349014960266095,
      1.1962342750777022,
      1.8331799390080985,
      -1.172419664645313
    ]
  },
  "diff": {
    "pi1-pi2": 0.8166582662894325,
    "pi1-pi3": 0.40274487561442673,
    "pi1-deepseek-chat": 43.83507626818368,
    "pi1-gpt4o-mini": 114.95446431261344,
    "pi1-haiku": 164.8925804065066,
    "pi1-qwen-flash": 114.95446431261344,
    "pi1-sonnet-4.5": 77.69175906882724,
    "pi1-DeepSeek-V3.1": 50.91459304628512,
    "pi1-deepseek-R": 114.95446431261344,
    "pi1-gemini-2.5-T": 13.8361550594966,
    "pi2-pi1": -0.8166582662894325,
    "pi2-pi3": -0.41391339067500577,
    "pi2-deepseek-chat": 43.01841800189425,
    "pi2-gpt4o-mini": 114.137806046324,
    "pi2-haiku": 164.07592214021716,
    "pi2-qwen-flash": 114.137806046324,
    "pi2-sonnet-4.5": 76.8751008025378,
    "pi2-DeepSeek-V3.1": 50.09793477999569,
    "pi2-deepseek-R": 114.137806046324,
    "pi2-gemini-2.5-T": 13.019496793207166,
    "pi3-pi1": -0.40274487561442673,
    "pi3-pi2": 0.41391339067500577,
    "pi3-deepseek-chat": 43.43233139256925,
    "pi3-gpt4o-mini": 114.55171943699901,
    "pi3-haiku": 164.48983553089218,
    "pi3-qwen-flash": 114.55171943699901,
    "pi3-sonnet-4.5": 77.28901419321281,
    "pi3-DeepSeek-V3.1": 50.511848170670696,
    "pi3-deepseek-R": 114.55171943699901,
    "pi3-gemini-2.5-T": 13.433410183882172,
    "deepseek-chat-pi1": -43.83507626818368,
    "deepseek-chat-pi2": -43.01841800189425,
    "deepseek-chat-pi3": -43.43233139256925,
    "deepseek-chat-gpt4o-mini": 71.11938804442977,
    "deepseek-chat-haiku": 121.05750413832291,
    "deepseek-chat-qwen-flash": 71.11938804442977,
    "deepseek-chat-sonnet-4.5": 33.85668280064356,
    "deepseek-chat-DeepSeek-V3.1": 7.079516778101443,
    "deepseek-chat-deepseek-R": 71.11938804442977,
    "deepseek-chat-gemini-2.5-T": -29.99892120868708,
    "gpt4o-mini-pi1": -114.95446431261344,
    "gpt4o-mini-pi2": -114.137806046324,
    "gpt4o-mini-pi3": -114.55171943699901,
    "gpt4o-mini-deepseek-chat": -71.11938804442977,
    "gpt4o-mini-haiku": 49.93811609389316,
    "gpt4o-mini-qwen-flash": 0.0,
    "gpt4o-mini-sonnet-4.5": -37.2627052437862,
    "gpt4o-mini-DeepSeek-V3.1": -64.03987126632832,
    "gpt4o-mini-deepseek-R": 0.0,
    "gpt4o-mini-gemini-2.5-T": -101.11830925311683,
    "haiku-pi1": -164.8925804065066,
    "haiku-pi2": -164.07592214021716,
    "haiku-pi3": -164.48983553089218,
    "haiku-deepseek-chat": -121.05750413832291,
    "haiku-gpt4o-mini": -49.93811609389316,
    "haiku-qwen-flash": -49.93811609389316,
    "haiku-sonnet-4.5": -87.20082133767936,
    "haiku-DeepSeek-V3.1": -113.97798736022148,
    "haiku-deepseek-R": -49.93811609389316,
    "haiku-gemini-2.5-T": -151.05642534701,
    "qwen-flash-pi1": -114.95446431261344,
    "qwen-flash-pi2": -114.137806046324,
    "qwen-flash-pi3": -114.55171943699901,
    "qwen-flash-deepseek-chat": -71.11938804442977,
    "qwen-flash-gpt4o-mini": 0.0,
    "qwen-flash-haiku": 49.93811609389316,
    "qwen-flash-sonnet-4.5": -37.2627052437862,
    "qwen-flash-DeepSeek-V3.1": -64.03987126632832,
    "qwen-flash-deepseek-R": 0.0,
    "qwen-flash-gemini-2.5-T": -101.11830925311683,
    "sonnet-4.5-pi1": -77.69175906882724,
    "sonnet-4.5-pi2": -76.8751008025378,
    "sonnet-4.5-pi3": -77.28901419321281,
    "sonnet-4.5-deepseek-chat": -33.85668280064356,
    "sonnet-4.5-gpt4o-mini": 37.2627052437862,
    "sonnet-4.5-haiku": 87.20082133767936,
    "sonnet-4.5-qwen-flash": 37.2627052437862,
    "sonnet-4.5-DeepSeek-V3.1": -26.77716602254212,
    "sonnet-4.5-deepseek-R": 37.2627052437862,
    "sonnet-4.5-gemini-2.5-T": -63.85560400933064,
    "DeepSeek-V3.1-pi1": -50.91459304628512,
    "DeepSeek-V3.1-pi2": -50.09793477999569,
    "DeepSeek-V3.1-pi3": -50.511848170670696,
    "DeepSeek-V3.1-deepseek-chat": -7.079516778101443,